,nse_jan,nse_feb,nse_mar,nse_apr,nse_may,nse_jun,nse_jul,nse_aug,nse_sep,nse_oct,nse_nov,nse_dec,rmf_frac,vcmx_frac,dilefw_frac,ltovrc_frac,sla_frac,qe_frac,bb_frac,smcdry_frac,smcmax_frac,reffrac,wltfrac,smcmax_2,smcmax_3,smcmax_6,smcmax_7,smcmax_9,smcmax_12,smcwlt_2,smcwlt_3,smcwlt_6,smcwlt_7,smcwlt_9,smcwlt_12,smcref_2,smcref_3,smcref_6,smcref_7,smcref_9,smcref_12,smcdry_2,smcdry_3,smcdry_6,smcdry_7,smcdry_9,smcdry_12,bb_2,bb_3,bb_6,bb_7,bb_9,bb_12,sla,rmf,dilefw,ltovrc,vcmx,qe
48,0.1886888162239695,0.05202608597274949,0.05562033565869362,0.21145473947112892,0.5075428684899871,0.6180816632686001,0.6660591766435935,0.6758189450453944,0.6669943373302517,0.5795189447679707,0.3443162706918562,0.1520585500216235,0.3651,0.4807,0.08910000000000001,0.9429,0.9145,0.8783000000000001,0.8975000000000001,0.0141,0.0937,0.7419,0.5239,0.3586204,0.36749440000000005,0.391244,0.3721196,0.4059322,0.4637448,0.058051599999999995,0.083151,0.1297208,0.1700076,0.1978164,0.28200759999999997,0.28104359272,0.29410536846,0.32374486208000003,0.3199544928,0.35221751202,0.41683842868,0.058051599999999995,0.083151,0.1297208,0.1700076,0.1978164,0.28200759999999997,5.81025,5.853,6.569700000000001,9.465050000000002,11.1433,14.67435,83.16000000000003,1.0953,0.08910000000000001,1.8858,53.263000000000005,0.162962
66,0.16056052663554288,0.07150101724555602,0.14114850312173255,0.2185317718749502,0.5152831307308635,0.6214003489396367,0.6766527916670508,0.6789602713432916,0.674252142108433,0.5875536207549366,0.3013446858892075,0.054207594396249226,0.1951,0.6107,0.7063,0.8969,0.6801,0.8797,0.4081,0.5687,0.0099,0.8343,0.0673,0.3509108,0.35810879999999995,0.381188,0.3630692,0.3970494,0.4550296,0.037961199999999994,0.042057,0.0968456,0.13165320000000003,0.1631148,0.24365320000000001,0.29905505128000004,0.30573901674000004,0.33407246432000004,0.3247235688,0.35828643678000005,0.42000453052,0.037961199999999994,0.042057,0.0968456,0.13165320000000003,0.1631148,0.24365320000000001,3.90159,4.48268,4.944891999999999,6.146918,7.482588000000001,10.827666,64.408,0.5852999999999999,0.7063,1.7938,64.96300000000001,0.163158
107,0.15797996652833068,-0.1438365401762458,-0.05597510960260221,0.04630254784286447,0.27571879303352775,0.3511473463884709,0.5263770611862775,0.6466919275507998,0.717976344044724,0.6907135288869061,0.45974994351741816,0.25262393570880637,0.5821000000000001,0.4661,0.7027,0.3737,0.5561,0.7575000000000001,0.9273,0.24370000000000006,0.13090000000000002,0.6489,0.8445,0.3620428,0.3716608,0.395708,0.3761372,0.4098754,0.46761359999999996,0.072158,0.112005,0.152804,0.196938,0.222182,0.308938,0.26026424672000004,0.28049564862,0.3104244056,0.31322036088000005,0.34397624726,0.41190259684,0.072158,0.112005,0.152804,0.196938,0.222182,0.308938,5.92647,5.936439999999998,6.668636,9.667094,11.366204,14.908578,54.488,1.7463000000000002,0.7027,0.7474000000000001,51.949,0.14605
165,0.19954334492648973,-0.09393928741037971,-0.02576374060756126,0.10074696384646309,0.32345822937276025,0.3668988958641507,0.4909416078199639,0.6307390227860751,0.7242789108115015,0.7257835757691079,0.5302202171232844,0.3399491088797014,0.5057,0.5303,0.1481,0.5339,0.8747,0.3861,0.5927,0.0121,0.1287,0.8997,0.6535,0.36184040000000006,0.37141440000000003,0.395444,0.37589959999999994,0.40964220000000007,0.4673848,0.06375399999999999,0.09481499999999997,0.139052,0.180894,0.207666,0.292894,0.33194233408,0.34367148018,0.3697278824,0.35634053831999996,0.38938398714,0.44988337276,0.06375399999999999,0.09481499999999997,0.139052,0.180894,0.207666,0.292894,4.62153,4.99956,5.5577640000000015,7.398505999999999,8.863396,12.278622,79.976,1.5171,0.1481,1.0678,57.727,0.094054
336,0.09311482852276887,-0.09757861681449698,-0.02893195712805241,0.17284821456296262,0.39983531651540205,0.4696273992022133,0.5793000629952078,0.6576646067334206,0.6824420506553563,0.6226681440163642,0.34470756021292237,0.07079036541294315,0.9159,0.4371,0.1655,0.5967,0.9471,0.9707,0.8359000000000001,0.1907,0.7993,0.6437,0.1069,0.42353559999999996,0.4465216,0.475916,0.4483244,0.4807258,0.5371272,0.039703600000000006,0.045621,0.0996968,0.1349796,0.16612439999999998,0.24697960000000002,0.28677625840000004,0.3036807162199999,0.34186909904,0.33667964776000003,0.36863332118,0.4337476101200001,0.039703600000000006,0.045621,0.0996968,0.1349796,0.16612439999999998,0.24697960000000002,5.57001,5.68052,6.365188,9.047402000000002,10.682532000000002,14.190173999999999,85.76799999999999,2.7477,0.1655,1.1934,49.33900000000001,0.175898
430,0.29152883920162453,-0.02107817162974701,0.020269120466648638,0.14837802555815627,0.21470372081722555,0.023912189208681323,0.06650260042104827,0.2189664787927016,0.3609859492018429,0.5829761294830744,0.6491584011186008,0.4877741252938501,0.9535,0.31210000000000004,0.30110000000000003,0.1809,0.8067,0.7421,0.8383,0.9609,0.4053,0.5079,0.5885,0.38728759999999995,0.4023936,0.42863599999999996,0.40577240000000003,0.43896179999999996,0.49615119999999996,0.060894,0.08896499999999999,0.134372,0.17543399999999998,0.202726,0.287434,0.22666930944,0.24815538594,0.28382868559999996,0.29242287336,0.32271016282000003,0.39344146588,0.060894,0.08896499999999999,0.134372,0.17543399999999998,0.202726,0.287434,5.57937,5.687239999999999,6.373156,9.063674,10.700484,14.209038,74.536,2.8605,0.30110000000000003,0.3618,38.08900000000001,0.143894
445,0.14976891143517712,-0.1814569206254446,-0.0547498324952298,0.20853796755002074,0.3319489299564544,0.3970516170236348,0.5870969844211069,0.6847713597638052,0.7249733891768604,0.6770227993875035,0.4072587638521975,0.13448036615492176,0.8629,0.8971,0.8087,0.3271,0.1907,0.9541,0.1047,0.2619,0.2803,0.6849000000000001,0.0211,0.3757876,0.38839359999999995,0.41363599999999995,0.3922724,0.4257118,0.48315119999999995,0.035928400000000006,0.037899,0.0935192,0.12777239999999998,0.1596036,0.23977240000000002,0.26869796608,0.27795275154000004,0.31276719632,0.30892845,0.34186110618000004,0.4064625401200001,0.035928400000000006,0.037899,0.0935192,0.12777239999999998,0.1596036,0.23977240000000002,2.71833,3.63316,3.937604,4.089866000000001,5.213156,8.442942,25.256,2.5887,0.8087,0.6542,90.73899999999999,0.173574
508,0.18694483708300969,-0.004302536434520832,-0.03145194757622338,0.08137724422751069,0.5390416901954969,0.5899772766819267,0.5823983493948584,0.5843162040020253,0.5397197225282802,0.44022772388292375,0.21500282362433032,0.12276120975955185,0.7757000000000001,0.6943,0.0547,0.7221000000000001,0.7117,0.9163,0.9661,0.15550000000000005,0.0473,0.4069,0.9839,0.3543516,0.36229759999999994,0.385676,0.3671084,0.4010138,0.4589192,0.0782916,0.124551,0.16284079999999998,0.20864760000000002,0.23277640000000002,0.32064760000000003,0.190620414,0.22129009153999998,0.25351244288,0.27312529952,0.30123219805999996,0.37691031403999997,0.0782916,0.124551,0.16284079999999998,0.20864760000000002,0.23277640000000002,0.32064760000000003,6.07779,6.0450800000000005,6.797452000000001,9.930158,11.656428000000002,15.213546,66.936,2.3271,0.0547,1.4442000000000002,72.487,0.168282
550,0.0741281237159771,-0.15465532857063424,0.020120974379304934,0.17129226717647583,0.4340666590592491,0.5504388098073585,0.6512332361534304,0.6757515122017415,0.6699529105390458,0.5762192956291492,0.29593763542275253,-0.004030315583222643,0.34930000000000005,0.3239,0.7125,0.8147,0.7455,0.8687,0.7901,0.7885,0.3033,0.4873,0.22450000000000006,0.37790359999999995,0.3909696,0.416396,0.3947564,0.42814979999999997,0.48554319999999995,0.044877999999999994,0.056205,0.108164,0.144858,0.175062,0.256858,0.20716137488000005,0.21933578958,0.2583654536,0.26663349032,0.29839168494,0.36829629796,0.044877999999999994,0.056205,0.108164,0.144858,0.175062,0.256858,5.39139,5.5522800000000005,6.213132,8.736877999999999,10.339948,13.830186,69.64,1.0479000000000005,0.7125,1.6294,39.150999999999996,0.16161799999999998
623,0.003036814726269932,-0.24125025007686074,-0.05656653474941509,0.10937559008926978,0.41703414810078054,0.5521664078555597,0.6360373543588307,0.6219930981712389,0.6036346086208112,0.499584404998454,0.23214829051773045,-0.07318422267128111,0.6481,0.7283000000000001,0.2203,0.8057000000000001,0.5767,0.9427,0.4663000000000001,0.8987,0.9035,0.6245,0.5613,0.433122,0.458192,0.48841999999999997,0.459578,0.491771,0.5479640000000001,0.05969720000000001,0.086517,0.13241360000000002,0.17314920000000003,0.20065880000000005,0.2851492,0.29290098760000005,0.3186280375,0.3547395968,0.35202398560000003,0.3824583689000001,0.4492770426000001,0.05969720000000001,0.086517,0.13241360000000002,0.17314920000000003,0.20065880000000005,0.2851492,4.12857,4.64564,5.138116,6.541514,7.917924,11.285117999999999,56.136,1.9443,0.2203,1.6114000000000002,75.54700000000003,0.17197800000000002
688,0.38789245985365073,0.12316980490489404,0.04428773957818932,0.19177245612253546,0.4438790466227994,0.30560232391317743,0.12442981369729056,-0.08333905282812992,-0.4119324490424807,-0.4584776237608488,0.19233199065077833,0.5173493821000518,0.9461,0.14229999999999998,0.6187,0.048700000000000014,0.8531000000000001,0.7571,0.042900000000000015,0.4653000000000001,0.4869,0.2763,0.1573,0.3947948,0.4115328,0.438428,0.4145852,0.44761140000000005,0.5046376,0.041921200000000006,0.050156999999999986,0.1033256,0.1392132,0.16995480000000002,0.2512132,0.13942017568,0.15000513354,0.19591439312,0.2152984836,0.24667131858,0.32123436172,0.041921200000000006,0.050156999999999986,0.1033256,0.1392132,0.16995480000000002,0.2512132,2.4773099999999997,3.46012,3.732428,3.670862,4.750892,7.957194,78.248,2.8383000000000003,0.6187,0.0974,22.807,0.14599399999999998
743,0.1763633023961192,0.01117321042441799,0.07278151813804246,0.04305490631165776,0.38025676418740606,0.43697520025081493,0.5852382363812587,0.6507789069476762,0.618112842520506,0.5303671619521972,0.3345328885437979,0.14369652134199795,0.047700000000000006,0.2307,0.7617,0.8171,0.7437,0.9735,0.5715,0.4417,0.1085,0.14590000000000006,0.9197,0.359982,0.369152,0.39302,0.373718,0.407501,0.465284,0.0754668,0.118773,0.1582184,0.20325479999999999,0.2278972,0.3152548,0.11697756767999999,0.1553032961,0.19247595344,0.22812538088000003,0.25410139441999996,0.33714406028000005,0.0754668,0.118773,0.1582184,0.20325479999999999,0.2278972,0.3152548,4.53885,4.9402,5.48738,7.2547700000000015,8.70482,12.111989999999999,69.49600000000001,0.1431,0.7617,1.6342,30.763,0.17629
913,0.016388703854342546,-0.2613660812045109,-0.019951035283807483,-0.04395268123975615,0.30804575625427055,0.38325951048465945,0.4955054257610384,0.6480521786568848,0.6620982229679597,0.5229948907206925,0.2905951268638831,0.008644901760932466,0.7741,0.4019,0.8199000000000001,0.5683,0.7175,0.9603,0.0257,0.6059,0.4317,0.14490000000000006,0.21190000000000006,0.3897164,0.40535040000000006,0.431804,0.4086236,0.4417602,0.4988968,0.044323600000000005,0.055071,0.1072568,0.1437996,0.1741044,0.2557996,0.09437101672,0.10582648506000002,0.15428368928000002,0.1821725976,0.21288772542,0.29102438428000005,0.044323600000000005,0.055071,0.1072568,0.1437996,0.1741044,0.2557996,2.41023,3.41196,3.675324,3.554246,4.622236,7.822002,67.4,2.3223000000000003,0.8199000000000001,1.1366,46.17100000000001,0.174442
1146,0.17502051538698815,-0.07335749837489991,-0.029765423769680277,-0.16009662147929138,0.18769575966294738,0.2048465851466581,0.43395198202152396,0.6359564276466914,0.6467685329449014,0.5498789937136837,0.39452334657126664,0.2570750062257111,0.2373,0.2449,0.0927,0.6417,0.7519,0.9875,0.26470000000000005,0.2239,0.3113,0.0729,0.6801,0.3786396,0.3918656,0.41735600000000006,0.39562040000000004,0.4289978,0.48637520000000006,0.06492440000000001,0.097209,0.1409672,0.1831284,0.20968760000000006,0.2951284,0.08779423808,0.11868946614,0.16111594352000005,0.1986190668,0.22567531358000004,0.30907029172,0.06492440000000001,0.097209,0.1409672,0.1831284,0.20968760000000006,0.2951284,3.3423300000000005,4.08116,4.468804,5.174666,6.409956,9.700542,70.152,0.7119,0.0927,1.2834,32.041,0.17825
1161,0.27471691822056166,-0.010906355244007848,0.03473817091746245,0.1306495408948124,0.5674970969231417,0.5486192198153069,0.5311703188280832,0.568742036012031,0.49380572597637784,0.38595091221977873,0.1515394860189374,0.16696876510429604,0.7363000000000001,0.5933,0.5269,0.8875000000000001,0.8339000000000001,0.9905,0.4819,0.4345,0.0533,0.2503,0.9353,0.3549036,0.3629696,0.386396,0.36775640000000004,0.4016498,0.4595432,0.07615319999999999,0.12017699999999999,0.15934160000000006,0.2045652,0.22908280000000006,0.3165652,0.14592442511999998,0.18094798778,0.21617331632000006,0.24541195736,0.2722763201,0.3523525934,0.07615319999999999,0.12017699999999999,0.15934160000000006,0.2045652,0.22908280000000006,0.3165652,4.1894100000000005,4.68932,5.189908,6.6472820000000015,8.034612,11.407734,76.712,2.2089000000000003,0.5269,1.775,63.39700000000001,0.17867
1180,0.3378608924506854,0.02714348627277774,-0.05453839394803528,0.10807970160051095,0.28656107343104553,0.11275373596771654,0.059052837465471075,0.06123441470350732,-0.008398181171664909,0.09650450211847383,0.47379924963134057,0.5389174281960478,0.7967000000000001,0.2673,0.6833,0.1619,0.8499000000000001,0.4963,0.4645,0.9509,0.9169,0.9049,0.0277,0.4343548,0.4596928,0.49002799999999996,0.4610252,0.49319140000000006,0.5493576,0.0362188,0.038493,0.09399439999999999,0.1283268,0.1601052,0.2403268,0.3964920664000001,0.41963669901999995,0.45236520464,0.42938558216,0.46151490238,0.51996877092,0.0362188,0.038493,0.09399439999999999,0.1283268,0.1601052,0.2403268,4.12155,4.6406,5.13214,6.5293100000000015,7.90446,11.27097,77.992,2.3901000000000003,0.6833,0.3238,34.056999999999995,0.109482
1209,0.15301722934205653,-0.05399557308028857,-0.04677822832117329,0.13886075110129015,0.46086936655054356,0.5785869397986118,0.6471456868693262,0.6379941202286177,0.6330252462250265,0.5556937881243327,0.3280748616134683,0.1352125318082018,0.0307,0.5519000000000001,0.0749,0.9665,0.6953,0.8231,0.8569,0.1129,0.3841,0.7401,0.6869000000000001,0.38533720000000005,0.4000192,0.426092,0.4034828,0.43671459999999995,0.4939464,0.06522359999999999,0.097821,0.1414568,0.18369960000000002,0.21020439999999999,0.29569959999999995,0.30213967535999997,0.32147788782,0.35211531152,0.34636114632,0.37784459901999995,0.44242205668000006,0.06522359999999999,0.097821,0.1414568,0.18369960000000002,0.21020439999999999,0.29569959999999995,5.65191,5.739319999999998,6.434908,9.189782,10.839612,14.355234,65.624,0.0921,0.0749,1.933,59.67100000000001,0.15523399999999998
1236,0.24639198441937105,-0.034685229134321816,-0.028753903614625376,0.12488192969366974,0.33142484079198264,0.33193716141248475,0.4377294564857268,0.5518128379976304,0.6425901922925983,0.7166253991222685,0.6282458471926256,0.4295933406569925,0.3387,0.3183,0.5141,0.5667,0.9941,0.3733,0.5485,0.6063000000000001,0.5417000000000001,0.8229000000000001,0.2847,0.3998364,0.41767040000000005,0.445004,0.42050360000000003,0.4534202,0.5103367999999999,0.0475268,0.061623000000000004,0.1124984,0.1499148,0.1796372,0.26191479999999995,0.33744236984000003,0.35461440545999995,0.38611725824,0.37258232352,0.4049332307,0.4663412638000001,0.0475268,0.061623000000000004,0.1124984,0.1499148,0.1796372,0.26191479999999995,4.44915,4.8758,5.41102,7.09883,8.532779999999999,11.93121,89.52799999999998,1.0161,0.5141,1.1334,38.64700000000001,0.092262
1278,0.3067288783197015,-0.010466603473655578,-0.059385135777396014,0.0994419486436654,0.2572345603837136,0.10831893950873295,0.11291324771224986,0.16707559420321683,0.182406543781522,0.3510439052173404,0.5837229010638512,0.5032997019769374,0.9621,0.3605,0.5351,0.1971,0.8443,0.8653000000000001,0.9945,0.6175,0.8185,0.9231,0.3451,0.42530200000000007,0.448672,0.47822,0.450398,0.48276099999999994,0.5391239999999999,0.0501844,0.06705900000000001,0.1168472,0.1549884,0.1842276,0.2669884,0.39645545656,0.4193259603,0.45043043168,0.4276810017599999,0.45980378154,0.5181967723600001,0.0501844,0.06705900000000001,0.1168472,0.1549884,0.1842276,0.2669884,6.18855,6.1246,6.8917399999999995,10.12271,11.868860000000002,15.43677,77.54400000000003,2.8863000000000003,0.5351,0.3942,42.44500000000001,0.161142
1391,0.2672318975881999,-0.041020339158552854,0.010147775142523963,0.09470361048611187,0.2824902091152012,0.26515982667729554,0.3941305421481983,0.5538413630464682,0.67743774021109,0.7501226816837994,0.6121853775496324,0.42697418625425076,0.2379,0.3819,0.3133,0.4555,0.7409,0.3995,0.4007000000000001,0.1859,0.0469,0.8867,0.3439,0.3543148,0.3622528,0.385628,0.3670652,0.4009714,0.4588776,0.0501316,0.066951,0.1167608,0.1548876,0.1841364,0.2668876,0.31985084344000003,0.32879510606,0.3551653462400001,0.34302547791999993,0.3764039945000001,0.43712513299999994,0.0501316,0.066951,0.1167608,0.1548876,0.1841364,0.2668876,3.87273,4.46196,4.920324,6.0967459999999996,7.4272360000000015,10.769502,69.27199999999999,0.7137,0.3133,0.9109999999999999,44.371,0.09593
1824,0.02448915975066024,-0.2100643073046733,-0.02305294541778813,0.1287087503996871,0.38906882521844244,0.45488553276269583,0.5615927430093626,0.6449967918536614,0.6197553737494782,0.5095282707455189,0.25296046461558896,-0.09179376679903117,0.2137,0.3769,0.4029,0.9309,0.5833,0.8581000000000001,0.013500000000000002,0.3335,0.6451,0.1985,0.1159,0.4093492,0.4292512,0.457412,0.4316708,0.4643806,0.5210904000000001,0.040099600000000006,0.046431,0.1003448,0.1357356,0.1668084,0.24773560000000003,0.1133956456,0.12242080970000001,0.17122263920000003,0.1944787372,0.2258764817,0.3019965278,0.040099600000000006,0.046431,0.1003448,0.1357356,0.1668084,0.24773560000000003,2.36265,3.3778,3.6348199999999995,3.4715300000000004,4.5309800000000005,7.72611,56.663999999999994,0.6411,0.4029,1.8618,43.92100000000001,0.160134
1887,0.15725435359854167,-0.11370088826022573,-0.025671699924188163,0.0982569444852407,0.3224922746838096,0.375119604059698,0.5450741140364548,0.6514450728480613,0.7047438794462371,0.6972864105255783,0.4732734585437367,0.23713680973836393,0.3783,0.4569,0.2047,0.6097,0.7443000000000001,0.7025,0.9351,0.1113,0.2907,0.9095,0.08710000000000001,0.37674440000000003,0.3895584,0.414884,0.3933956,0.4268142,0.48423279999999996,0.0388324,0.043839,0.0982712,0.1333164,0.1646196,0.24531639999999996,0.34616336400000003,0.35827079430000003,0.3862305416,0.36985843240000005,0.4030855887000001,0.4626108658000001,0.0388324,0.043839,0.0982712,0.1333164,0.1646196,0.24531639999999996,5.9568900000000005,5.95828,6.6945320000000015,9.719978,11.424548,14.969885999999999,69.54400000000001,1.1349,0.2047,1.2194,51.121,0.13835
1937,0.18020892973383795,0.05658441987601304,-0.018785341188089832,0.05464352523630844,0.4283927392005419,0.5301858556985013,0.6115308354693546,0.7048157541555888,0.723897646893097,0.6505136519583106,0.4208993830695472,0.21136296661667076,0.4207,0.35850000000000004,0.9593,0.7351000000000001,0.9945,0.9543,0.7657,0.5449,0.0127,0.6185,0.2585,0.35116840000000005,0.35842240000000003,0.381524,0.3633716,0.3973462,0.45532079999999997,0.046374000000000005,0.059265,0.11061199999999999,0.147714,0.177646,0.259714,0.2348893364,0.2442938519,0.278171072,0.2810982256,0.31353057370000004,0.3806968058,0.046374000000000005,0.059265,0.11061199999999999,0.147714,0.177646,0.259714,5.29623,5.48396,6.132124,8.571446000000002,10.157436,13.638402,89.56,1.2621,0.9593,1.4702000000000002,42.265,0.173602
1960,0.10278770044194363,-0.18990756903559491,-0.023832856901080612,0.059926843617216785,0.30601895778217225,0.40237775195910386,0.5729247188020866,0.6681145159209165,0.7135715584656442,0.6705822620967716,0.430128539347984,0.17388969311625102,0.5101,0.6993,0.2987,0.6159,0.5957,0.6367,0.3665000000000001,0.3451,0.9075,0.8567,0.0181,0.43349,0.45863999999999994,0.4889,0.46001000000000003,0.492195,0.5483800000000001,0.035796400000000006,0.037629,0.09330319999999999,0.1275204,0.1593756,0.23952039999999997,0.3765005071200001,0.3983091237000001,0.43221097856000007,0.41236424032,0.44450197998,0.5041204193200001,0.035796400000000006,0.037629,0.09330319999999999,0.1275204,0.1593756,0.23952039999999997,3.73935,4.3662,4.806780000000001,5.86487,7.1714199999999995,10.500689999999999,57.656000000000006,1.5303,0.2987,1.2318,72.93700000000003,0.129138
2388,0.1713277457291269,-0.03841161404879068,-0.03439910416826053,0.14290430503954066,0.4292184779447201,0.5524641342836294,0.6377682007317184,0.6753595633940306,0.6861043172621017,0.6125146326082331,0.355928026148962,0.16447082056524354,0.3377,0.5273,0.8023,0.7205,0.8265,0.9237,0.9061,0.4499,0.0413,0.8813000000000001,0.9095,0.35379959999999994,0.3616256,0.384956,0.3664604,0.4003778,0.4582952,0.075018,0.11785500000000003,0.15748399999999999,0.202398,0.227122,0.314398,0.32070822408000005,0.33269002978,0.3579550736,0.34698619312,0.37981233654,0.44121460236000004,0.075018,0.11785500000000003,0.15748399999999999,0.202398,0.227122,0.314398,5.84379,5.8770799999999985,6.5982520000000005,9.523358,11.207628,14.741945999999999,76.12,1.0131,0.8023,1.4409999999999998,57.457,0.169318
2463,0.35485343946640924,0.0581686128452259,-0.004047239822781101,0.18009771039069045,0.4753347813490557,0.51456587553272,0.4923283170217492,0.47696301885786063,0.4890806052433406,0.5897447353145183,0.6249797843842638,0.4749580221353944,0.1761,0.1167,0.1497,0.5589000000000001,0.7793000000000001,0.6437,0.3149,0.8603000000000001,0.15810000000000002,0.0759,0.4617,0.3645452,0.3747072,0.398972,0.3790748,0.4127586,0.4704424,0.055314800000000004,0.077553,0.1252424,0.1647828,0.1930892,0.2767828,0.07878538735999999,0.10010700377999998,0.14601847664,0.1810475628,0.20976210745999999,0.29148156364,0.055314800000000004,0.077553,0.1252424,0.1647828,0.1930892,0.2767828,3.5381099999999996,4.22172,4.635468,5.515022,6.7854519999999985,10.095114,72.34400000000002,0.5283,0.1497,1.1178,20.503,0.130118
2470,0.06532223568662499,-0.22946221810025946,-0.05232547625837225,0.011294256170707784,0.3058193241599607,0.41573155249072913,0.6101713851005278,0.6070696779577991,0.5531370033049102,0.4506005637049604,0.20569916485194428,-0.094107718670154,0.28190000000000004,0.4177,0.5785,0.4659,0.3093,0.9933,0.5965,0.9269,0.3803,0.1207,0.7575000000000001,0.3849876,0.3995936,0.42563599999999996,0.4030724,0.43631179999999997,0.49355119999999997,0.06833,0.104175,0.14654,0.18963,0.21556999999999998,0.30163,0.10655057232,0.13983202501999994,0.1802268872,0.21539249768000002,0.24221353526,0.32479488884,0.06833,0.104175,0.14654,0.18963,0.21556999999999998,0.30163,4.63635,5.010199999999998,5.57038,7.42427,8.89182,12.308489999999999,34.744,0.8457000000000001,0.5785,0.9318,47.593,0.179062
2481,0.03699198005652515,-0.13065395818139636,0.02282991484497987,0.2476424753494797,0.41441358010362217,0.4137172244184888,0.49635425418176904,0.6382544144368154,0.6841769577530065,0.5871845110025,0.27162519013446995,-0.10151498811782855,0.25570000000000004,0.2621,0.9681,0.9079,0.8363,0.8209000000000001,0.0023,0.16770000000000002,0.6721,0.2299,0.1411,0.4118332,0.4322752,0.46065200000000006,0.43458679999999994,0.46724259999999995,0.5238984,0.041208400000000006,0.048699,0.10215919999999999,0.1378524,0.1687236,0.2498524,0.12641504152,0.13688316838,0.18457669472,0.20607163856,0.2373531181,0.3128555754,0.041208400000000006,0.048699,0.10215919999999999,0.1378524,0.1687236,0.2498524,2.31897,3.3464400000000003,3.597636,3.3955940000000004,4.447204,7.638078,76.904,0.7671000000000001,0.9681,1.8158,33.589,0.154926
2592,0.1723902146214562,-0.04207938669968203,0.04101055801692899,-0.06585522136163013,0.4295100684659431,0.48424937092818177,0.5774031794452107,0.6390073042197322,0.6076349638184311,0.5554771515960713,0.48384332320696155,0.3510966613867029,0.6075,0.3835,0.8251000000000001,0.4727,0.5745,0.8305,0.6975,0.9519,0.3849,0.008900000000000002,0.9585,0.3854108,0.4001088,0.426188,0.4035692,0.43679940000000006,0.49402959999999996,0.07717399999999999,0.12226499999999997,0.161012,0.206514,0.230846,0.31851399999999996,0.07991730752000001,0.12473780982,0.16337206640000002,0.20826779128,0.23267898526,0.32007608884,0.07717399999999999,0.12226499999999997,0.161012,0.206514,0.230846,0.31851399999999996,5.0302500000000006,5.292999999999998,5.9057,8.10905,9.6473,13.10235,55.96,1.8225,0.8251000000000001,0.9454,44.515,0.15627
2719,0.18233955818703307,-0.022102959439930014,0.09015187871959118,0.13361845048117715,0.42237929557431564,0.5264362756933161,0.6308137294281975,0.69636397498744,0.7352184272040134,0.6883298641489688,0.4639670067690933,0.26094230680844965,0.3747,0.6133000000000001,0.2737,0.7533000000000001,0.7607,0.6621,0.4685,0.5703,0.2281,0.9501,0.0051,0.3709852,0.38254720000000003,0.40737199999999996,0.3866348,0.4201786,0.4777224000000001,0.0352244,0.036459,0.0923672,0.1264284,0.1583876,0.2384284,0.35423073608000005,0.36527739882,0.39165326048,0.3736505006400001,0.4071152291,0.4657816294000001,0.0352244,0.036459,0.0923672,0.1264284,0.1583876,0.2384284,4.13715,4.6518,5.14542,6.5564300000000015,7.93438,11.30241,70.85600000000001,1.1241,0.2737,1.5066000000000002,65.197,0.132694
2728,0.3109350727388629,0.07841930970477184,0.06648171589799945,0.28031742291808115,0.39911831334268544,0.3088091562938766,0.31278257540200516,0.37318100455768566,0.46521698953004753,0.642319310992986,0.6577005124923587,0.4668854251872795,0.9201,0.23610000000000006,0.1207,0.2201,0.9755,0.8483,0.8529,0.8929,0.6447,0.4143,0.5107,0.4093124,0.42920640000000004,0.45736400000000005,0.4316276,0.4643382,0.5210488000000001,0.05747080000000001,0.08196300000000001,0.1287704,0.16889880000000002,0.1968132,0.2808988,0.20323877488000006,0.22582594062,0.26490672848,0.27774734184,0.3076488075,0.380392945,0.05747080000000001,0.08196300000000001,0.1287704,0.16889880000000002,0.1968132,0.2808988,5.63631,5.72812,6.421628,9.162662,10.809692,14.323794,88.04,2.7603,0.1207,0.4402,31.249,0.158762
2798,0.365120143185651,0.08767020406911008,0.03002381002061061,0.20258871375855292,0.35933864663390913,0.14031266216062777,0.03293055013338031,-0.034604446930082355,-0.1815206762777093,-0.09786715873800533,0.3946815718316772,0.5569691866602863,0.8741000000000001,0.21090000000000006,0.9537,0.1091,0.9065,0.7745000000000001,0.2213,0.2807,0.6233,0.6459,0.1771,0.4073436,0.4268096,0.454796,0.42931640000000004,0.46206980000000003,0.5188232,0.0427924,0.051939,0.10475119999999999,0.14087639999999998,0.1714596,0.2528764,0.27825602008,0.29406792054,0.33084513632,0.327179796,0.35916472818000006,0.4246514381200001,0.0427924,0.051939,0.10475119999999999,0.14087639999999998,0.1714596,0.2528764,3.17307,3.9596400000000003,4.3247160000000004,4.880414,6.085324,9.359418,82.52000000000002,2.6223,0.9537,0.2182,28.980999999999998,0.14843
2984,0.1748313006581469,-0.15710144779321955,-0.05430226438628338,0.04436988746656689,0.5478111936714105,0.5330042776496102,0.5524065163023487,0.6426274257684745,0.579338981869069,0.5433572779909501,0.3721115561444266,0.22575249496561012,0.2303,0.9297,0.8307,0.7703,0.4055,0.9981,0.3691,0.8027000000000001,0.1177,0.0271,0.6497,0.3608284,0.3701824,0.394124,0.3747116,0.4084762,0.46624079999999996,0.0635868,0.094473,0.13877840000000002,0.18057479999999998,0.20737719999999998,0.2925748,0.07164204736,0.10194472473999999,0.14569826576000006,0.18583590728,0.2128269829,0.29728114860000004,0.0635868,0.094473,0.13877840000000002,0.18057479999999998,0.20737719999999998,0.2925748,3.74949,4.373480000000001,4.815412,5.882498,7.190867999999999,10.521125999999999,42.44000000000001,0.6909000000000001,0.8307,1.5406,93.67299999999999,0.179734
3071,-0.012671959620702111,-0.2629535339615563,-0.05573898004085032,0.07956732241932196,0.42489389729546534,0.5749094419484815,0.6005154023148613,0.6059324136124238,0.5756933087650684,0.4630459144086434,0.20244972545460826,-0.156670132237408,0.5003,0.6013000000000001,0.1141,0.6983,0.3897000000000001,0.9737,0.28290000000000004,0.5043,0.3713,0.2935,0.3789,0.38415959999999993,0.3985856,0.42455600000000004,0.4021004,0.43535779999999996,0.4926152,0.0516716,0.070101,0.11928079999999999,0.1578276,0.1867964,0.2698276,0.149256828,0.1665112301,0.20887907120000002,0.2295216668,0.2597491709,0.33521576059999997,0.0516716,0.070101,0.11928079999999999,0.1578276,0.1867964,0.2698276,3.41331,4.13212,4.529228,5.298062,6.546092,9.843594,41.176,1.5009,0.1141,1.3966,64.117,0.176318
3127,0.3798876388035728,0.02603042852148163,-0.054927190487120026,0.11985137932973411,0.2738007301328912,0.053264062123966616,0.031700187571207517,0.09316713854132885,0.11529810114909522,0.29729233267399546,0.585352769308849,0.5565954937967685,0.9443,0.4157,0.0411,0.15510000000000002,0.4865,0.6989000000000001,0.4345,0.7627,0.4167,0.8861,0.1431,0.3883364,0.40367040000000004,0.430004,0.4070036,0.4401702,0.49733679999999997,0.0412964,0.048879,0.1023032,0.1380204,0.1688756,0.2500204,0.348808544,0.36325965954000006,0.39267887888,0.37636641352,0.40926974505999997,0.46916746204,0.0412964,0.048879,0.1023032,0.1380204,0.1688756,0.2500204,4.00455,4.5566,5.03254,6.3259099999999995,7.680059999999999,11.035169999999999,48.92,2.8329,0.0411,0.31020000000000003,47.413,0.137846
3240,0.11477235376272799,-0.0349371276411472,-0.0223619447709531,0.17233391898163497,0.47637733963722717,0.594944623659456,0.6513525215226166,0.6501702464821185,0.6337861630421516,0.533488865396718,0.2846234861338879,0.0558098075551845,0.6007,0.6701,0.4483,0.8895000000000001,0.7859,0.9141,0.7221000000000001,0.4255,0.4299,0.7811,0.6573,0.3895508,0.4051488,0.431588,0.4084292,0.44156940000000006,0.4987096,0.0639212,0.095157,0.13932560000000002,0.18121320000000002,0.20795479999999997,0.2932132,0.31827048055999996,0.33729159498000005,0.36761176064,0.35869161759999996,0.39043116405999995,0.45372643803999996,0.0639212,0.095157,0.13932560000000002,0.18121320000000002,0.20795479999999997,0.2932132,5.12619,5.361879999999998,5.9873720000000015,8.275838,9.831308,13.295706,72.872,1.8021,0.4483,1.779,70.309,0.16797399999999998
3343,0.3722767384755268,0.06407144943589693,-0.03663868351683508,0.12890151289447338,0.360771919930546,0.39529078755179936,0.3984998779395116,0.41049369763965926,0.3742421280100775,0.43487774178597216,0.6268762665676351,0.5531960102178763,0.7475,0.16010000000000002,0.7587,0.1311,0.7085,0.7189000000000001,0.6065,0.3991,0.3699,0.5517000000000001,0.2983,0.3840308,0.3984288,0.424388,0.4019492,0.4352094,0.4924696,0.048125200000000014,0.062847,0.11347760000000001,0.1510572,0.1806708,0.2630572,0.23344431952000005,0.24798747906,0.28500686768000005,0.2894743164,0.32109974562000004,0.3896240210800001,0.048125200000000014,0.062847,0.11347760000000001,0.1510572,0.1806708,0.2630572,4.67535,5.0382,5.60358,7.49207,8.966619999999999,12.387089999999999,66.68,2.2425,0.7587,0.2622,24.409,0.140646
3360,0.07990647070111878,-0.2460253918296933,-0.0585605949954906,-0.057054656218712196,0.29165283037063516,0.43688151282616694,0.6002386065463632,0.6735082609768217,0.7007044409110845,0.6176292956870046,0.35353836033807573,0.13310725515882893,0.3787,0.5739000000000001,0.0595,0.4417,0.3725000000000001,0.8021,0.3939,0.9033,0.6809000000000001,0.4625,0.6721,0.4126428,0.4332608,0.461708,0.4355372,0.46817539999999996,0.5248136000000001,0.0645724,0.096489,0.1403912,0.1824564,0.20907960000000003,0.2944564,0.22555496,0.2522459575,0.28900022000000003,0.29950627,0.32891140750000003,0.4009966050000001,0.0645724,0.096489,0.1403912,0.1824564,0.20907960000000003,0.2944564,3.8462099999999997,4.44292,4.897748,6.050642,7.376372,10.716054,39.8,1.1361,0.0595,0.8834000000000001,61.65100000000001,0.15229399999999998
3580,0.19131321555546354,-0.08359502185655776,-0.043281957475813204,0.1602400262849364,0.39558847976349565,0.47815435967212694,0.5760873253051222,0.6551882697541218,0.7019218240454612,0.6856227713597509,0.47911352531196993,0.24491902370035845,0.8337,0.4609,0.6181000000000001,0.4189000000000001,0.7149000000000001,0.9951,0.9665,0.3147,0.1119,0.8387,0.7347,0.3602948,0.3695328,0.393428,0.3740852,0.4078614,0.4656376,0.06732679999999999,0.102123,0.14489839999999998,0.1877148,0.21383720000000003,0.29971479999999995,0.3130390616,0.32639959926,0.35334017552,0.34402365448,0.37656529654,0.43887425236,0.06732679999999999,0.102123,0.14489839999999998,0.1877148,0.21383720000000003,0.29971479999999995,6.07935,6.0462,6.798780000000002,9.93287,11.659419999999999,15.21669,67.19200000000001,2.5011,0.6181000000000001,0.8378000000000001,51.481,0.179314
3761,0.21283606164005697,-0.02805987015817646,-0.015468862659999028,0.10597268951464345,0.3730067079666358,0.4591840125655473,0.5764819741231764,0.6757286178811409,0.7341716832745612,0.7135303533811048,0.5125572708477932,0.3290442264302389,0.32110000000000005,0.4449,0.5643,0.6125,0.8775000000000001,0.8069000000000001,0.7957000000000001,0.008300000000000002,0.0853,0.8961,0.7005,0.3578476,0.3665536,0.390236,0.3712124,0.40504179999999995,0.4628712,0.065822,0.09904500000000001,0.14243599999999998,0.184842,0.211238,0.296842,0.32750614016,0.33875945646,0.36448958,0.35184851544,0.38490558518,0.44562076611999996,0.065822,0.09904500000000001,0.14243599999999998,0.184842,0.211238,0.296842,5.41323,5.5679599999999985,6.231724,8.774846,10.381836,13.874201999999999,80.2,0.9633000000000002,0.5643,1.225,50.041,0.15296600000000002
3805,-0.028518996136563057,-0.10364118300896319,-0.003956937943250027,0.1283792970038362,0.4163930562034214,0.50414302843486,0.5767921608430491,0.60070983669437,0.5685776925841928,0.44926968740698936,0.13863500797486272,-0.28141636003725323,0.32630000000000003,0.2995,0.2643,0.9639,0.8947,0.9271,0.15850000000000006,0.0489,0.7325,0.2469,0.8239000000000001,0.41739,0.43904,0.4679,0.44111000000000006,0.473645,0.5301800000000001,0.07125160000000001,0.110151,0.15132079999999998,0.1952076,0.2206164,0.30720759999999997,0.15671317095999998,0.1913536941,0.22948420448000004,0.25592090256,0.28308916134,0.36225948556,0.07125160000000001,0.110151,0.15132079999999998,0.1952076,0.2206164,0.30720759999999997,2.92815,3.7838,4.116219999999999,4.45463,5.6155800000000005,8.86581,81.57600000000002,0.9789,0.2643,1.9278,36.955,0.169794
3860,0.2675154298788973,-0.0026776919935136423,-0.05735873377985823,-0.09616682206558314,0.10735915017164332,-0.12120449668635236,0.1683146548409583,0.5741774516728836,0.7178471402660709,0.6509747277740243,0.5066672665452238,0.3788142180722155,0.4517,0.2047,0.3543,0.4371,0.9535,0.9873,0.2173,0.2629,0.4757,0.0119,0.7819,0.3937644,0.41027840000000004,0.437084,0.4133756,0.4464242,0.5034728,0.06940360000000001,0.10637100000000001,0.14829679999999998,0.1916796,0.2174244,0.3036796,0.07326349352000001,0.10998749806,0.15173336767999998,0.19431778239999997,0.22014949762,0.30605713908000004,0.06940360000000001,0.10637100000000001,0.14829679999999998,0.1916796,0.2174244,0.3036796,3.15747,3.94844,4.3114360000000005,4.853294,6.0554039999999985,9.327978,86.28,1.3551,0.3543,0.8742000000000001,28.423000000000002,0.178222
3941,0.09369348520673826,-0.07895487367043796,0.04414915691197707,0.10337776539435373,0.4206901882477454,0.5324290736784261,0.6225656496988414,0.6845434460668636,0.7050441090745387,0.6161386740558794,0.35879425217633765,0.0905401133555046,0.5095000000000001,0.4141,0.6085,0.7655000000000001,0.8145,0.7845,0.2671,0.2635,0.8927,0.4835,0.0227,0.4321284000000001,0.45698240000000007,0.487124,0.4584116,0.49062619999999996,0.5468408,0.035998800000000004,0.038043,0.0936344,0.1279068,0.1597252,0.23990679999999998,0.22752746160000006,0.24060019989999998,0.2838866216,0.2877058708,0.3197158335,0.388309389,0.035998800000000004,0.038043,0.0936344,0.1279068,0.1597252,0.23990679999999998,3.35169,4.08788,4.476772,5.190938,6.427908,9.719406,75.16,1.5285000000000002,0.6085,1.531,47.26900000000001,0.14983
4170,-0.006270695196306519,-0.12922092988324207,-0.02443459895068978,0.1562886836299061,0.32457030512178753,0.2803498329127895,0.3253481364760694,0.4922507872312638,0.6072157764966664,0.565592655186002,0.24273572080960992,-0.17663856860813731,0.2251,0.15650000000000006,0.4793000000000001,0.6445000000000001,0.9825,0.6999000000000001,0.0359,0.9855,0.2177,0.17010000000000006,0.5869,0.37002840000000004,0.3813824,0.406124,0.3855116,0.41907619999999995,0.4766408,0.06082360000000001,0.08882099999999997,0.1342568,0.1752996,0.2026044,0.2872996,0.11341933648,0.13858569414000002,0.18050141072,0.21105666120000002,0.23942625318,0.31950653812,0.06082360000000001,0.08882099999999997,0.1342568,0.1752996,0.2026044,0.2872996,2.45001,3.44052,3.709188,3.6234019999999996,4.698532,7.902174,88.60000000000002,0.6753,0.4793000000000001,1.289,24.085,0.137986
4243,0.2584346509444033,-0.008000158515172995,-0.037723233433256675,0.18858613142300373,0.3784791615811406,0.33113965568757264,0.33109138011247474,0.41150555797626365,0.520000326070384,0.6698340785972753,0.5849002692925285,0.3434708036429247,0.5605,0.1891,0.044300000000000006,0.3667,0.8497,0.7659,0.8647,0.5309,0.3695000000000001,0.3937000000000001,0.1107,0.383994,0.398384,0.42433999999999994,0.401906,0.435167,0.492428,0.039870800000000005,0.045963,0.0999704,0.13529879999999997,0.1664132,0.2472988,0.17535210384000002,0.1847111477,0.22767471152,0.24026205464000003,0.2722215710600001,0.34380616604,0.039870800000000005,0.045963,0.0999704,0.13529879999999997,0.1664132,0.2472988,5.68233,5.76116,6.460804,9.242666,10.897956,14.416542000000002,77.976,1.6815,0.044300000000000006,0.7334,27.019000000000002,0.147226
4309,0.19501520620400903,-0.14796522125969713,-0.006318697241793458,0.05253619843616375,0.23089424378319645,0.23759339192656614,0.4368171136414032,0.5904646037135275,0.7032389292982746,0.7401222461608086,0.5600477987003185,0.33296089212061786,0.6255000000000001,0.7121000000000001,0.5601,0.4209000000000001,0.4811,0.6479,0.0911,0.3777,0.9741,0.8133,0.0575,0.4396172,0.4660992,0.496892,0.46720280000000003,0.49925459999999994,0.5553064000000001,0.03753,0.041175,0.09614,0.13083,0.16237,0.24283000000000002,0.3645475197600001,0.38676585185999995,0.42207160159999996,0.40440199824,0.43635824518,0.4969670561200001,0.03753,0.041175,0.09614,0.13083,0.16237,0.24283000000000002,2.66529,3.5950800000000003,3.8924519999999996,3.9976580000000004,5.111428,8.336046000000001,48.488,1.8765,0.5601,0.8418000000000001,74.08900000000001,0.130706
4485,0.2069057000370631,-0.06577376177598349,-0.05840479817124211,0.07059366442394277,0.3169994586027389,0.38346228998806,0.5086096285359607,0.6208980436974632,0.7008249129630506,0.7200519485716452,0.54034003826615,0.3307628931798149,0.34130000000000005,0.35650000000000004,0.0415,0.5053000000000001,0.8895000000000001,0.7827000000000001,0.5199,0.2431,0.3737,0.8105,0.7675000000000001,0.3843804,0.39885440000000005,0.42484399999999994,0.40235959999999993,0.4356122,0.4928648000000001,0.06877,0.105075,0.14726,0.19047,0.21633,0.30246999999999996,0.3245722292,0.3431832037,0.37224183200000005,0.3622065208,0.3940582231000001,0.4567849854,0.06877,0.105075,0.14726,0.19047,0.21633,0.30246999999999996,4.33761,4.795719999999998,5.3160680000000005,6.904922,8.318852,11.706414,81.16000000000003,1.0239000000000005,0.0415,1.0106000000000002,42.085,0.149578
4764,0.21782625103288267,-0.06488479845882344,-0.006646867486918451,0.11237953786516297,0.30751299267904164,0.31185448201802135,0.4606828709164008,0.5964198234029177,0.6874323774487661,0.7274245613110303,0.5596752862305729,0.3511145850261911,0.4509,0.4253,0.4429,0.4733000000000001,0.7483000000000001,0.8403,0.8939,0.9277,0.0335,0.9349,0.3895,0.35308199999999995,0.360752,0.38402,0.365618,0.3995510000000001,0.457484,0.052138,0.07105500000000001,0.12004400000000001,0.158718,0.187602,0.27071799999999996,0.3334905456,0.34189272530000003,0.3668351624000001,0.35214881,0.3857531201000001,0.4453255334,0.052138,0.07105500000000001,0.12004400000000001,0.158718,0.187602,0.27071799999999996,5.796209999999999,5.84292,6.557747999999999,9.440642,11.116372,14.646054000000001,69.86399999999999,1.3527,0.4429,0.9466,48.277,0.157642
4845,0.16178417844503323,-0.10772691159391479,-0.006111663664332134,-0.04000070915617138,0.22930238759694466,0.26894341318305104,0.41809503995768926,0.6061109353864425,0.714004310573148,0.716254059524261,0.5111746001278858,0.29494139821009935,0.9921,0.5819000000000001,0.0013,0.3397,0.7061000000000001,0.6515,0.6777,0.6613,0.0845,0.6763,0.5925,0.357774,0.366464,0.39014,0.371126,0.404957,0.462788,0.061070000000000006,0.08932499999999999,0.13466,0.17576999999999998,0.20303,0.28776999999999997,0.2617309152,0.27675410570000003,0.307441124,0.3078892628,0.3395932301,0.4061346734,0.061070000000000006,0.08932499999999999,0.13466,0.17576999999999998,0.20303,0.28776999999999997,4.95303,5.237559999999998,5.839964,7.974806,9.499196000000001,12.946722,66.488,2.9763,0.0013,0.6794,62.37100000000001,0.13121
4993,0.1406569392064826,0.01824592734252506,-0.026270659887650094,0.1407732173114673,0.48806148585244336,0.6044478661938181,0.6393678779584897,0.6465772108265919,0.6241700187690238,0.5147695328043631,0.2552840405899278,0.05586417926603393,0.6547000000000001,0.7251000000000001,0.3693,0.9153,0.8717,0.9051,0.5119,0.1887,0.5049,0.7329,0.7489,0.3964508,0.41354880000000005,0.44058800000000004,0.41652920000000004,0.44951940000000007,0.5065096,0.0679516,0.103401,0.14592080000000002,0.1889076,0.21491639999999998,0.30090759999999994,0.30870866368,0.33070832261999994,0.36188239088,0.35573147064000005,0.3868569387,0.45159330579999996,0.0679516,0.103401,0.14592080000000002,0.1889076,0.21491639999999998,0.30090759999999994,4.30641,4.77332,5.2895080000000005,6.850682000000001,8.259012,11.643533999999999,79.736,1.9641,0.3693,1.8306,75.259,0.166714
